{"Company Name":{"0":"A&A Technology Group","1":"A Better Answer","2":"A Cheerful Giver","3":"A-CTI","4":"A P G Inc","5":"Crexendo Business Solutions","6":"A.V. Lauttamus Communications, Inc.","7":"A-V Services, Inc.","8":"A1 Teletronics","9":"Abacus Group, Inc.","10":"Abadi Group","11":"Abc Compounding","12":"ABcom","13":"Abilita","14":"ABIS","15":"Abissnet","16":"Abmnus","17":"AboveNet","18":"ABR Industries","19":"ABR Telecom","20":"ABS Communications","21":"acphotonics","22":"Acacia Communications","23":"ACBB-BITS LLC","24":"ACC Business","25":"AccelTex Solutions","26":"Acces Communications","27":"Access Communications Cooperative Limited","28":"Access Point, Inc.","29":"Access Vermont","30":"Access Wireless Data Solutions","31":"Polycom","32":"accrotool.com","33":"Accu-Tech","34":"AccuAir, Inc.","35":"AccuConference","36":"Accurate Connections, Inc.","37":"Accurate Telecom","38":"Accuris Networks","39":"Accutel","40":"Accuver EMEA","41":"Accuvoice Inc.","42":"ACD Direct","43":"Acecape Inc.","44":"ACG Systems","45":"ACI Communications","46":"Acision","47":"ACN","48":"Lkn Communications Inc.","49":"Acotel","50":"Argosy Communication Products Ltd.","51":"ACS","52":"PGi"},"SourceURL":{"0":"https:\/\/www.adapt.io\/company\/a-a-technology-group","1":"https:\/\/www.adapt.io\/company\/a-better-answer-4","2":"https:\/\/www.adapt.io\/company\/a-cheerful-giver-inc-1","3":"https:\/\/www.adapt.io\/company\/a-cti-1","4":"https:\/\/www.adapt.io\/company\/a-p-g-inc","5":"https:\/\/www.adapt.io\/company\/a-r-management-solutions--llc","6":"https:\/\/www.adapt.io\/company\/a-v--lauttamus-communications--inc-","7":"https:\/\/www.adapt.io\/company\/a-v-services--inc-","8":"https:\/\/www.adapt.io\/company\/a1-teletronics-inc-","9":"https:\/\/www.adapt.io\/company\/abacus-group--inc--1","10":"https:\/\/www.adapt.io\/company\/abadi-group-1","11":"https:\/\/www.adapt.io\/company\/abc-compounding-1","12":"https:\/\/www.adapt.io\/company\/abcom-llc","13":"https:\/\/www.adapt.io\/company\/abilita-5","14":"https:\/\/www.adapt.io\/company\/abis-3","15":"https:\/\/www.adapt.io\/company\/abissnet-sh-a","16":"https:\/\/www.adapt.io\/company\/abmnus-llc","17":"https:\/\/www.adapt.io\/company\/abovenet-2","18":"https:\/\/www.adapt.io\/company\/abr-industries","19":"https:\/\/www.adapt.io\/company\/abr-telecom","20":"https:\/\/www.adapt.io\/company\/abs-communications-llc","21":"https:\/\/www.adapt.io\/company\/ac-photonics","22":"https:\/\/www.adapt.io\/company\/acacia-communications-inc-","23":"https:\/\/www.adapt.io\/company\/acbb-bits-llc","24":"https:\/\/www.adapt.io\/company\/acc-business","25":"https:\/\/www.adapt.io\/company\/acceltex-solutions-2","26":"https:\/\/www.adapt.io\/company\/accesradio-com","27":"https:\/\/www.adapt.io\/company\/access-communications-cooperative-limited","28":"https:\/\/www.adapt.io\/company\/access-point--inc--1","29":"https:\/\/www.adapt.io\/company\/access-vermont","30":"https:\/\/www.adapt.io\/company\/access-wireless-data-solutions","31":"https:\/\/www.adapt.io\/company\/accordent-technologies","32":"https:\/\/www.adapt.io\/company\/accrotool-com","33":"https:\/\/www.adapt.io\/company\/accu-tech-corporation-1","34":"https:\/\/www.adapt.io\/company\/accuair--inc-","35":"https:\/\/www.adapt.io\/company\/accuconference","36":"https:\/\/www.adapt.io\/company\/accurate-connections--inc-","37":"https:\/\/www.adapt.io\/company\/accurate-telecom-1","38":"https:\/\/www.adapt.io\/company\/accuris-networks","39":"https:\/\/www.adapt.io\/company\/accutel-com-1","40":"https:\/\/www.adapt.io\/company\/accuver-americas-1","41":"https:\/\/www.adapt.io\/company\/accuvoice-inc-","42":"https:\/\/www.adapt.io\/company\/acd-direct","43":"https:\/\/www.adapt.io\/company\/acecape-inc-","44":"https:\/\/www.adapt.io\/company\/acg-systems--inc-1","45":"https:\/\/www.adapt.io\/company\/aci-communications--inc-","46":"https:\/\/www.adapt.io\/company\/acision-2","47":"https:\/\/www.adapt.io\/company\/acn-29","48":"https:\/\/www.adapt.io\/company\/acn-30","49":"https:\/\/www.adapt.io\/company\/acotel-groupo-1","50":"https:\/\/www.adapt.io\/company\/acpltd-ca","51":"https:\/\/www.adapt.io\/company\/acs-86","52":"https:\/\/www.adapt.io\/company\/act-conferencing--a-pgi-company-1"}}