Name,Job Title,Company Name,email,emailDomain
Phillip Neely,President,A&A Technology Group,p*****@aatg.net,aatg.net
Darrin Guffy,Service,A&A Technology Group,d*****@aatg.net,aatg.net
Jp Miller,Accounting / Operations,A&A Technology Group,j*****@aatg.net,aatg.net
Alan Hummon,Vice President,A&A Technology Group,a*****@aatg.net,aatg.net
Charles Pickering,Service Manager,A&A Technology Group,c*****@aatg.net,aatg.net
Bob Krick,"Manager, Existing Customer Base",A&A Technology Group,b*****@aatg.net,aatg.net
Phil Anderson,Serveilance Systems and Telecommunications,A&A Technology Group,p*****@aatg.net,aatg.net
William Dixson,Service Coordinator/Support Tech I,A&A Technology Group,w*****@aatg.net,aatg.net
Matt Hummon,Systems Engineer,A&A Technology Group,m*****@aatg.net,aatg.net
Vicki Young,President,A Better Answer,v*****@abetteranswer.com,abetteranswer.com
Lola Longria,Information Technology Director,A Better Answer,l*****@abetteranswer.com,abetteranswer.com
Jessica Brown,Director of Marketing,A Better Answer,j*****@abetteranswer.com,abetteranswer.com
Stephanie Hyde,Information Technology Manager,A Better Answer,s*****@abetteranswer.com,abetteranswer.com
Hildie Ciejka,Customer Service Manager,A Better Answer,h*****@abetteranswer.com,abetteranswer.com
Weiler Debbie,Office Manager,A Better Answer,d*****@abetteranswer.com,abetteranswer.com
Dee Sobelman,Telereceptionist,A Better Answer,d*****@abetteranswer.com,abetteranswer.com
Roseann Gibbs,Manager,A Better Answer,r*****@abetteranswer.com,abetteranswer.com
Brenda Barton,Collection Manager,A Better Answer,b*****@abetteranswer.com,abetteranswer.com
